transaction_id,cashback_user_id,purchase_date,merchant_id,source,status,status_updated_date,amount_sar
CB0001,B2001,2025-05-10,M-B01,NovaLink Affiliates,approved,2025-06-04,37
CB0002,B2001,2025-11-10,M-B01,RewardBridge,approved,2025-12-05,37
CB0003,B2002,2025-02-10,M-B01,ClickHarbor,approved,2025-03-07,44
CB0004,B2002,2025-08-10,M-B01,PartnerPulse,approved,2025-09-04,44
CB0005,B2003,2025-05-10,M-B01,TrackMint Network,approved,2025-06-04,51
CB0006,B2003,2025-11-10,M-B01,Orbit Affiliates,approved,2025-12-05,51
CB0007,B2004,2025-02-10,M-B01,NovaLink Affiliates,approved,2025-03-07,58
CB0008,B2004,2025-08-10,M-B01,RewardBridge,approved,2025-09-04,58
CB0009,B2005,2025-05-10,M-B01,ClickHarbor,approved,2025-06-04,65
CB0010,B2005,2025-11-10,M-B01,PartnerPulse,approved,2025-12-05,65
CB0011,B2006,2025-02-10,M-B01,TrackMint Network,approved,2025-03-07,72
CB0012,B2006,2025-08-10,M-B01,Orbit Affiliates,approved,2025-09-04,72
CB0013,B2007,2025-05-10,M-B01,NovaLink Affiliates,approved,2025-06-04,79
CB0014,B2007,2025-11-10,M-B01,RewardBridge,approved,2025-12-05,79
CB0015,B2008,2025-02-10,M-B01,ClickHarbor,approved,2025-03-07,86
CB0016,B2008,2025-08-10,M-B01,PartnerPulse,approved,2025-09-04,86
CB0017,B2009,2025-05-10,M-B01,TrackMint Network,approved,2025-06-04,93
CB0018,B2009,2025-11-10,M-B01,Orbit Affiliates,approved,2025-12-05,93
CB0019,B2010,2025-02-10,M-B01,NovaLink Affiliates,approved,2025-03-07,100
CB0020,B2010,2025-08-10,M-B01,RewardBridge,approved,2025-09-04,100
CB0021,B2011,2025-05-10,M-B01,ClickHarbor,approved,2025-06-04,107
CB0022,B2011,2025-11-10,M-B01,PartnerPulse,approved,2025-12-05,107
CB0023,B2012,2025-02-10,M-B01,TrackMint Network,approved,2025-03-07,114
CB0024,B2012,2025-08-10,M-B01,Orbit Affiliates,approved,2025-09-04,114
CB0025,B2014,2025-02-10,M-B01,NovaLink Affiliates,approved,2025-03-07,128
CB0026,B2016,2025-02-10,M-B01,RewardBridge,approved,2025-03-07,142
CB0027,B2018,2025-02-10,M-B01,ClickHarbor,approved,2025-03-07,36
CB0028,B2020,2025-02-10,M-B01,PartnerPulse,approved,2025-03-07,50
CB0029,B2021,2025-11-10,M-B01,TrackMint Network,approved,2025-12-05,57
CB0030,B2022,2025-02-10,M-B01,Orbit Affiliates,approved,2025-03-07,64
CB0031,B2022,2025-08-10,M-B01,NovaLink Affiliates,approved,2025-09-04,64
CB0032,B2023,2025-11-10,M-B01,RewardBridge,approved,2025-12-05,71
CB0033,B2024,2025-02-10,M-B01,ClickHarbor,approved,2025-03-07,78
CB0034,B2024,2025-08-10,M-B01,PartnerPulse,approved,2025-09-04,78
CB0035,B2025,2025-11-10,M-B01,TrackMint Network,approved,2025-12-05,85
CB0036,B2026,2025-02-10,M-B01,Orbit Affiliates,approved,2025-03-07,92
CB0037,B2026,2025-08-10,M-B01,NovaLink Affiliates,approved,2025-09-04,92
CB0038,B2027,2025-05-10,M-B01,RewardBridge,approved,2025-06-04,99
CB0039,B2028,2025-02-10,M-B01,ClickHarbor,approved,2025-03-07,106
CB0040,B2029,2025-05-10,M-B01,PartnerPulse,approved,2025-06-04,113
CB0041,B2030,2025-02-10,M-B01,TrackMint Network,approved,2025-03-07,120
CB0042,B2031,2025-05-10,M-B01,Orbit Affiliates,approved,2025-06-04,127
CB0043,B2032,2025-02-10,M-B01,NovaLink Affiliates,approved,2025-03-07,134
CB0044,B2033,2025-05-10,M-B01,RewardBridge,approved,2025-06-04,141
CB0045,B2033,2025-11-10,M-B01,ClickHarbor,approved,2025-12-05,141
CB0046,B2034,2025-08-10,M-B01,PartnerPulse,approved,2025-09-04,148
CB0047,B2035,2025-05-10,M-B01,TrackMint Network,approved,2025-06-04,35
CB0048,B2035,2025-11-10,M-B01,Orbit Affiliates,approved,2025-12-05,35
CB0049,B2036,2025-08-10,M-B01,NovaLink Affiliates,approved,2025-09-04,42
CB0050,B2037,2025-05-10,M-B01,RewardBridge,approved,2025-06-04,49
CB0051,B2037,2025-11-10,M-B01,ClickHarbor,approved,2025-12-05,49
CB0052,B2038,2025-08-10,M-B01,PartnerPulse,approved,2025-09-04,56
CB0053,B2039,2025-05-10,M-B01,TrackMint Network,approved,2025-06-04,63
CB0054,B2039,2025-11-10,M-B01,Orbit Affiliates,approved,2025-12-05,63
CB0055,B2041,2025-05-10,M-B01,NovaLink Affiliates,approved,2025-06-04,77
CB0056,B2041,2025-11-10,M-B01,RewardBridge,approved,2025-12-05,77
CB0057,B2043,2025-05-10,M-B01,ClickHarbor,approved,2025-06-04,91
CB0058,B2043,2025-11-10,M-B01,PartnerPulse,approved,2025-12-05,91
CB0059,B2044,2025-08-10,M-B01,TrackMint Network,approved,2025-09-04,98
CB0060,B2045,2025-11-10,M-B01,Orbit Affiliates,approved,2025-12-05,105
CB0061,B2046,2025-08-10,M-B01,NovaLink Affiliates,approved,2025-09-04,112
CB0062,B2047,2025-11-10,M-B01,RewardBridge,approved,2025-12-05,119
CB0063,B2048,2025-08-10,M-B01,ClickHarbor,approved,2025-09-04,126
CB0064,B2049,2025-11-10,M-B01,PartnerPulse,approved,2025-12-05,133
CB0065,B2051,2025-11-10,M-B01,TrackMint Network,approved,2025-12-05,147
CB0066,B2053,2025-05-10,M-B01,Orbit Affiliates,approved,2025-06-04,41
CB0067,B2053,2025-11-10,M-B02,NovaLink Affiliates,pending,,41
CB0068,B2054,2025-02-10,M-B01,RewardBridge,approved,2025-03-07,48
CB0069,B2054,2025-08-10,M-B02,ClickHarbor,pending,,48
CB0070,B2055,2025-05-10,M-B02,PartnerPulse,pending,,55
CB0071,B2055,2025-11-10,M-B01,TrackMint Network,approved,2025-12-05,55
CB0072,B2056,2025-02-10,M-B01,Orbit Affiliates,approved,2025-03-07,62
CB0073,B2056,2025-08-10,M-B01,NovaLink Affiliates,approved,2025-09-04,62
CB0074,B2056,2025-11-10,M-B02,RewardBridge,pending,,62
CB0075,B2057,2025-02-10,M-B03,ClickHarbor,approved,2025-03-07,69
CB0076,B2057,2025-05-10,M-B01,PartnerPulse,approved,2025-06-04,69
CB0077,B2057,2025-08-10,M-B03,TrackMint Network,approved,2025-09-04,69
CB0078,B2057,2025-11-10,M-B01,Orbit Affiliates,approved,2025-12-05,69
CB0079,B2058,2025-02-10,M-B01,NovaLink Affiliates,approved,2025-03-07,76
CB0080,B2058,2025-05-10,M-B03,RewardBridge,approved,2025-06-04,76
CB0081,B2058,2025-08-10,M-B01,ClickHarbor,approved,2025-09-04,76
CB0082,B2058,2025-11-10,M-B03,PartnerPulse,approved,2025-12-05,76
CB0083,B2059,2025-02-10,M-B03,TrackMint Network,approved,2025-03-07,83
CB0084,B2059,2025-05-10,M-B01,Orbit Affiliates,approved,2025-06-04,83
CB0085,B2059,2025-08-10,M-B03,NovaLink Affiliates,approved,2025-09-04,83
CB0086,B2059,2025-11-10,M-B01,RewardBridge,approved,2025-12-05,83
CB0087,B2060,2025-02-10,M-B01,ClickHarbor,approved,2025-03-07,90
CB0088,B2060,2025-05-10,M-B03,PartnerPulse,approved,2025-06-04,90
CB0089,B2060,2025-08-10,M-B01,TrackMint Network,approved,2025-09-04,90
CB0090,B2060,2025-11-10,M-B03,Orbit Affiliates,approved,2025-12-05,90
CB0091,B2062,2025-02-10,M-B01,NovaLink Affiliates,approved,2025-03-07,104
CB0092,B2063,2025-02-10,M-B02,RewardBridge,approved,2025-04-18,111
CB0093,B2064,2025-02-10,M-B02,ClickHarbor,approved,2025-04-27,118
CB0094,B2065,2025-08-10,M-B02,PartnerPulse,approved,2025-10-19,125
CB0095,B2066,2025-11-10,M-B02,TrackMint Network,pending,,132
CB0096,B2061,2025-05-10,M-B04,Orbit Affiliates,rejected,2025-06-22,97
CB0097,B2062,2025-05-10,M-B04,NovaLink Affiliates,cancelled,2025-05-29,104
CB0001,B2001,2025-05-10,M-B01,NovaLink Affiliates,approved,2025-06-04,37
CB0098,B9999,2025-05-12,M-B05,RewardBridge,approved,2025-06-01,85
